"month","year","bif_kg"
1,"2015",1264.50499113931
2,"2015",1446.55426351676
3,"2015",1294.02085973546
4,"2015",1591.91197156722
5,"2015",89.3855045856622
6,"2015",57.3947447971442
7,"2015",115.709859654342
8,"2015",72.4026873333345
9,"2015",396.831012594459
10,"2015",74.0023630856815
11,"2015",54.9069723630791
12,"2015",45.4117606307084
