"month","year","bif_kg"
1,"2017",31.3577170546978
2,"2017",37.2425376940874
3,"2017",71.1339396199409
4,"2017",70.9873435707267
5,"2017",128.594301580116
6,"2017",97.9537016250588
7,"2017",96.0420932751664
8,"2017",89.8547699083759
9,"2017",93.1440975297199
10,"2017",52.9817840130171
11,"2017",34.6496550344989
12,"2017",68.2029844691033
