"month","year","bif_kg"
1,"2016",41.7489685804748
2,"2016",70.3521976260568
3,"2016",55.0794238956482
4,"2016",129.395021024134
5,"2016",134.588222095111
6,"2016",74.5740725970435
7,"2016",48.5464543121945
8,"2016",62.051334856663
9,"2016",38.1518588472265
10,"2016",49.3639873366403
11,"2016",61.4301236800736
12,"2016",64.4996665001771
