,NImperv,NPerv,SImperv,SPerv,PctZero,MaxRate,MinRate,Decay,DryTime,Por,WP,FC,Ksat,Rough,Kdecay,BCoeff2,WCoeff2
0,0.01009497973886095,0.2949654890430298,1.925865322807038,3.5472395821496114,62.16304122795294,105.21371376766277,7.318905366669414,4.999607515726943,5.2578118709696895,0.4417600841296271,0.0631814585458541,0.1978334879908966,1.829936564911107,0.015910975665852624,0.06500710324928453,0.7026858897779618,0.6031873121480181
1,0.015262674577767572,0.27719782330418674,1.9763257905307856,4.00325555181295,62.01012317401668,56.23048703158816,8.850590175624928,5.502558511661041,5.335688545873037,0.45459316285493895,0.23520211064405666,0.16424491101459995,0.7990081528782177,0.010719615671055664,0.10120844278484284,1.9220419253557974,0.9189107979404638
2,0.014436318873137018,0.3596510167471195,2.3254939360002194,2.852225690691258,11.298460063117927,83.06136523794282,2.724660249907728,5.0937978973711395,8.870447530788635,0.4416879531891412,0.2638768917381946,0.20395630105090937,11.062939502384049,0.02124341889106545,0.1824086337860234,0.6758976162466577,0.20607371908364105
3,0.017521309724230404,0.05396948770415329,1.799212732825577,3.059898731215399,47.75070662739382,109.2396611141364,0.360013898631811,6.132459113315514,2.848418605150816,0.44734659580848846,0.1686908744952363,0.09800337529116632,6.0321278308258295,0.011203297062597152,0.03335419236050463,1.0396447068637147,0.05501013830886939
4,0.023971240867501055,0.1582359908568315,2.0750522755261542,3.031346767961396,0.3071833551349153,28.25260398013652,8.159229701646233,5.907918614538206,12.541373247348073,0.42795146689318264,0.18470903104459294,0.23603325656262114,7.392565787215914,0.019151065104663266,0.11917771787536491,1.2240212730158184,0.5190312819742984
