,NImperv,NPerv,SImperv,SPerv,PctZero,MaxRate,MinRate,Decay,DryTime,Por,WP,FC,Ksat,Roughness,Kdecay,BCoeff2,WCoeff2
0,0.024318636558424422,0.2176499372091913,1.6634873186084338,2.6937296828938964,40.043575611054244,119.90070897011361,0.35649530708428007,4.333592693481125,3.75334073595637,0.4965967611602595,0.12437386839797764,0.26879373724569855,7.484026094480892,0.019680358835707734,0.04652137756502422,1.958543441495635,0.5247606793914109
1,0.015248233171871791,0.32881744430565146,1.4322240420109156,2.6240191289887567,57.42790536540411,54.57325271002032,7.921816311131382,3.0826468883777505,11.260027389607254,0.49551124960562576,0.031551320312562095,0.06950900227596793,3.0248685190064912,0.01360258821160933,0.15884995651385742,1.4171781720860426,0.21147304985220372
2,0.010282593618848729,0.20236905441310954,1.411172898620342,4.672196832511227,42.66943002955794,14.351437308548837,9.796009656971528,6.91243546561869,11.235310119713764,0.4940761723174222,0.03306886773676031,0.2258086140005869,4.6168868773886445,0.010081261784519496,0.08477562673882871,1.6064575814519122,0.8597793537920547
3,0.023724583643873108,0.48667607950474373,1.9231067530045762,5.079809137632838,7.899289484884303,25.43812723497659,5.581013484557619,2.7652183115178977,12.959444510368927,0.4496827928907476,0.10064184175980438,0.14948082812318125,5.960243503288739,0.013988647607619852,0.0063693797138818665,1.426313685545467,0.08729201162613914
4,0.0215889485148751,0.4076710450139799,1.5935677146273826,2.851766576115657,57.35640700295638,34.04497605238113,2.3252114321883757,5.829190654495948,6.76612249872961,0.43425382171263566,0.04906187999064353,0.18112513699233534,4.733682399729834,0.013511125264490912,0.08642906982454925,0.7943308197191452,0.6781551368836721
