,NImperv,NPerv,SImperv,SPerv,PctZero,MaxRate,MinRate,Decay,DryTime,Por,FC,WP,Ksat,Rough,Kdecay,BCoeff2,WCoeff2
0,0.017880209156927146,0.3950951309887954,1.3628400161003709,4.44170714809463,15.199845743436459,81.27327889715758,7.266081507943591,6.264548971026244,8.185650644243742,0.46519775213995856,0.36051043125511184,0.11939583982790081,1.7185192319362268,0.019364556351136725,0.04505720146079122,1.584090023612612,0.2034845361461613
1,0.023985641639165764,0.4806996398766484,2.435572501947445,3.7619706998795004,95.29000626944054,66.2088897392914,0.4632037860355002,4.041612051755699,12.057422761689947,0.4293308028196349,0.16322338971083517,0.11473472475188187,10.216010288555049,0.024649282045612876,0.0693933568319808,1.3404960476391836,0.75893583082415
2,0.01950426145767931,0.4223618690038209,2.4133121633161743,4.307666686289538,33.529851402428534,45.62288273958951,2.9832373543484962,5.499093037712407,10.307100312662024,0.43933552367347645,0.3227402931363433,0.1469760586836467,9.758348662463069,0.02330446881742358,0.06545314332784767,0.934131308959702,0.5514743433155028
3,0.010946951483854012,0.4186494768847915,1.762243010176976,2.5476075643132985,55.90571615290859,22.502935887784332,2.632962634375904,5.095740002900509,2.179982293875656,0.4238466365641585,0.3115353008689123,0.20004084288155316,3.6332844970564913,0.022698818897186758,0.06452559086943391,1.584234758965947,0.18578316072283915
4,0.020289202568887273,0.1720238428494964,2.1564709548570455,4.337046121583533,7.964026087355742,37.18123847802149,7.233647520041437,3.3041493638058017,11.580703195540666,0.40670895498249604,0.15280254028515042,0.06381704623160114,6.705794555497574,0.011374177812726595,0.041446966236387106,0.6004253987933235,0.8171174932734219
