,kd,aer_aq,aer_aq_temp,anae_aq,anae_aq_temp,photo,rflat,hydro,sol,benthic_depth,porosity,bulk_density,froc2,doc2,bnmas,sused,chl,froc1,doc1
0,1827.5852318518464,352.6172159775109,22.655511577800286,276.7561717622788,23.394038984818042,345.8181583608866,40.0,83.7684734652789,0.15180875048568424,0.5466168109084117,0.37145894095879006,1.5685466285348872,0.015950820796233646,41.2840966600683,4.31066266306575,25.75429759482556,0.5670906255726661,0.13349725456117326,0.4544027566830582
1,4346.950230199517,311.1911915431698,21.647964601901677,92.59657350397045,21.138619299860252,154.89257276282666,40.0,162.82636928520108,0.6696371933663927,0.35866547226424184,0.1313030885888093,1.3080313710792024,0.025124097046815074,27.334279973298163,1.5153834961657118,59.96433000536521,0.7188375615358684,0.02595585756592886,0.6373352022226263
2,2726.739773027208,162.11492991991724,24.633968438554284,364.56218756835057,22.804383346956236,199.76477336159041,40.0,310.42815774045425,0.21212353062361292,0.3904871149109616,0.666147927147316,0.8609007290755899,0.01120861031193206,24.128405865532727,0.05558393892451886,74.84121378216757,0.8539295964148829,0.04511065545442909,0.39357679007622287
3,4893.710495259483,268.7397307635527,20.789493896241325,439.1210804134194,22.689686432513692,161.26041227955227,40.0,208.63649233080594,0.687638543031709,0.7614062453629318,0.6444674643739565,1.6064794001461382,0.01231267652476126,5.609178436521156,4.95164274793559,72.87012701856652,1.2562865447390583,0.13895036729694493,0.19448601165337376
4,3805.969124169937,308.78662527893556,22.35395649939757,423.69060381147494,24.464468160617578,326.78999021536174,40.0,362.6848075682379,0.6554919640911537,0.6468628096699479,0.3528730575803153,1.4504632499541688,0.013785025645308795,55.93426602596665,3.2171975415893685,32.47855398044237,1.3649707301306706,0.12844215762404354,0.9103548469015237
