,NImperv,NPerv,SImperv,SPerv,PctZero,MaxRate,MinRate,Decay,DryTime,Por,FC,WP,Ksat,Rough,Kdecay,BCoeff2,WCoeff2
0,0.02368261218002854,0.44358488523591566,1.8818505552180473,3.3806543077746722,58.52481800203346,100.44934180691425,7.7526023536282285,4.249478591439195,6.387853059681435,0.40597128168992574,0.11702921002896269,0.03840254111375741,10.122557021606298,0.01105918580526209,0.1919745043412437,1.0506120765968159,0.3889453158371876
1,0.01783562778215034,0.1643320933457041,2.287340163745869,3.474663840858765,44.84545111944246,106.11936636448758,6.8300073621889865,6.0308521226679,4.032725855100791,0.41540958020443497,0.35170364299934287,0.24781789042531585,9.511151595000982,0.022480205234081133,0.1895493037118508,1.7363818852678605,0.1628273129467607
2,0.010060587043635964,0.15894331944158158,2.347150296946193,4.917655044954229,15.795264775712523,59.887113993662865,0.822310144552765,2.37383399197706,3.7499091560415474,0.48196437355985045,0.347351015019336,0.15497710598294945,8.959662831341793,0.017855313300049743,0.10697098453508568,0.9550961027657248,0.8137729030674419
3,0.024744762648966395,0.25442505678897426,1.3686186718069016,2.7407323455112165,32.44115799377183,97.56687052308519,0.5132863209859464,4.5410901604277765,2.431617818725774,0.4732581179447789,0.1005655392321593,0.08144327113461158,8.249264497362887,0.025025947804076975,0.11678356682294777,1.294718527461097,0.5777127677951357
4,0.022361915271417423,0.34384408907714087,1.9613994966699897,4.384345760142393,61.61648818327019,72.628499438933,5.856888683539346,3.951844330184092,4.714524026411935,0.42852167606936037,0.20633993216926413,0.20082667658431008,5.1574483257137995,0.017697054831196143,0.1350011797388383,0.9482800973647447,0.7632045267046943
