,kd,aer_aq,aer_aq_temp,anae_aq,anae_aq_temp,photo,rflat,hydro,sol,benthic_depth,porosity,bulk_density,froc2,doc2,bnmas,sused,chl,froc1,doc1
0,2508.600391889786,86.47063788868358,24.28450485944167,591.5325556818068,23.25185597839188,223.46172167924632,40.0,213.14685527799017,0.5657057792798994,0.9544969088063829,0.7350775778429646,1.6339480466234155,0.026012135960570143,42.54187895835818,1.9527553382346148,30.018958085260284,0.8746607941048338,0.0022987945448368695,0.08314540918835134
1,3469.475013155742,89.58147894738642,21.633723591792734,526.2056177165227,21.798646338293157,105.66104578222898,40.0,305.1129091404205,0.49185890055321035,0.3510368706049145,0.4100920384273262,1.1717504709996336,0.011319424036503017,29.379704458648845,2.3628028689842915,71.30278654392676,0.5957922240042274,0.08248397593865318,0.6303909949865008
2,3398.0372797099844,217.92173448170783,22.522426774528885,141.3254174751715,22.65602596342133,242.25795867971107,40.0,285.5430175746973,0.0451561149052546,0.22463485824971574,0.5799037324362056,0.9601565821510037,0.009097594458537334,2.81612190256153,4.214788865030795,2.3279458298533675,0.9791249003678073,0.06637723676864599,0.8015775719322622
3,4838.9929811887205,255.17091267831958,20.93183695571311,118.00596405913132,21.880948858218662,337.1382231356421,40.0,234.67758969395007,0.16706145601534778,0.4646950732001705,0.2446098429324977,1.0208569033036368,0.0273384139358872,15.433366877328169,3.7783477977186792,55.07977154141271,0.5542798218145388,0.026901770038281595,0.3930042112530955
4,5456.8158154589955,289.2091610978962,20.153624400599675,659.8380438643518,21.570167247193787,220.52589549161684,40.0,241.44268581621813,0.034131507690214724,0.10909867970072519,0.4829204712976972,1.3304321424021686,0.009404190449542927,21.396359471587285,1.1761006709370032,48.801639997960685,0.4675030114324459,0.019912245533439756,0.49959020433997825
