,NImperv,NPerv,SImperv,SPerv,PctZero,MaxRate,MinRate,Decay,DryTime,Por,FC,WP,Ksat,Rough,Kdecay,BCoeff2,WCoeff2
0,0.014140495154232888,0.0773418681973749,1.7191986492652866,3.2167199243344013,45.09985932551547,48.65674923685747,0.6000754526797034,4.772082284446526,13.857955394980644,0.4323407279779379,0.10856213968383874,0.07306207242434243,3.401086520707285,0.020048841304113347,0.04623147693878528,0.9361459265548707,0.3295354459487351
1,0.020285819010617157,0.20914004355661592,1.75721239985406,4.7036788713591235,47.86070788528855,24.867631497549958,3.707603338185953,2.952940192901179,9.336132088237418,0.4116390092609871,0.31654278130486996,0.18455268847652406,5.5830097292948375,0.019991087452747025,0.03220931983694885,1.1818527096443956,0.5210943703757801
2,0.020722788681656255,0.33921313672213266,1.3781082717640123,2.6591808401693924,72.67601791759432,45.627325111230924,3.926467303263917,3.0681273158437548,13.075682139825027,0.4767870033251749,0.26552585882336804,0.23756832407878284,10.74903065668387,0.022128967825053438,0.030145956081019318,1.279777055755135,0.9235191364546731
3,0.02397504763702924,0.19550908094587816,1.4284506768313505,2.6776800490888735,90.6588603287213,75.88887320566496,9.868361672567211,5.03093641897501,5.361281613338583,0.4189700093423247,0.08810161089512843,0.02940100214200444,10.306246503637121,0.020818220393091044,0.13175766660782715,1.6012209604326566,0.6918582203026764
4,0.02076384085181187,0.3085653598866332,2.040017372690597,3.6997055621618213,69.84863908731114,17.242915800779166,10.274991398916498,2.9619880811806847,2.2358956737791145,0.45219863414580985,0.3632146501708928,0.1118023819016811,9.12299580790243,0.01964964335140681,0.13215369302894417,0.9610086453846617,0.08723541201539503
