,kd,aer_aq,aer_aq_temp,anae_aq,anae_aq_temp,photo,rflat,hydro,sol,benthic_depth,porosity,bulk_density,froc2,doc2,bnmas,sused,chl,froc1,doc1
0,5333.209327743213,271.5660632467808,22.961149529873524,255.32038768603408,23.763913327580198,404.9796724049967,40.0,106.2974844373857,0.479960882830489,0.88395129703824,0.7054387430820224,1.6087489035129114,0.02025735606435042,27.61595109443318,1.0936905881383463,51.268911651664645,0.983769531637023,0.11305697637515653,0.6386530018063892
1,5573.563087922352,335.4167666547981,21.048412091613407,529.7416121207006,21.610481166544144,404.38770148260596,40.0,26.348082590765454,0.6614649676041215,0.48467025737532937,0.23094263050947805,1.5464443171411364,0.01923405401928551,26.459817042546476,0.3430506983667785,16.55234490985464,0.13172691779831977,0.07484043511499046,0.3385673631265444
2,3892.0784462641136,225.06147440606992,20.106315522782563,662.7422360331215,21.106355957569523,249.9610099362433,40.0,48.72330601289925,0.2877712383227178,0.17376995255726455,0.299145480239543,1.0968954347500888,0.026357464735307066,52.47044579850978,2.7326931121377966,8.728866885266896,1.0944706688902053,0.08228297933251726,0.04230193313954325
3,5276.915025589216,55.86131264236435,22.95146179195228,407.13983409396167,22.403128188643176,235.48043602655142,40.0,114.93840661627517,0.4173791923957608,0.6939968307414099,0.6205492267889151,1.6076122698153896,0.008448815933666814,4.646843935426784,1.2987988784738953,13.139178535810082,0.4504755591807446,0.07933304342707076,0.8322643563180137
4,3337.8227691673237,201.00441346830561,21.508227600855236,549.9157096916895,24.51404073689139,256.53193466156415,40.0,28.505412533138863,0.12465298887242436,0.7863361613827203,0.41425699797300075,1.462563494887952,0.024716986813900447,56.5234897961518,4.973299068789423,3.866159228762603,1.3224232436788264,0.07518434730106212,0.4450473924587557
