,NImperv,NPerv,SImperv,SPerv,PctZero,MaxRate,MinRate,Decay,DryTime,Por,WP,FC,Ksat,Rough,Kdecay,BCoeff2,WCoeff2
0,0.017426702533950032,0.11289840782569056,1.4023855578706583,4.6658838390642075,9.026915978129331,34.92291644542779,2.7367277405838473,5.7608942213179315,7.225488072926553,0.4641422454582781,0.12201124582831151,0.33864535559573244,2.147883377945359,0.011710655482474368,0.17802117590200084,1.9024286325102504,0.6783871281228342
1,0.011676735111162507,0.1657459218108744,1.7661865990164323,4.798783020517291,31.854027549720016,35.40745426411597,8.823798545661298,6.907134031707299,6.877288646994691,0.43406996389245794,0.021239179808389835,0.3183954474990826,9.884502884630752,0.02154847857376707,0.05290879734211214,1.7800111087100476,0.3008177679631329
2,0.020087962471049894,0.16136723889768645,2.0098905796934567,4.778034584075439,48.25751110805296,60.963271019222915,2.196376774593735,2.750918674376578,9.268412360576974,0.447363747699586,0.1943489616023651,0.36843470797234773,12.091777904124765,0.02586428617223925,0.004633496029534909,1.2680779774077215,0.8170303546052409
3,0.019085099380106794,0.19125439484184892,1.7619139060057054,3.7134640032798325,91.82146992136057,22.242769759012162,2.987271168902164,2.1881296434082853,4.575264749140713,0.4932265324741156,0.06071272210638519,0.2844423551229272,3.3791179258590187,0.011288071152761927,0.15847050616027053,1.197703852873703,0.16401755459836334
4,0.01452816387304232,0.37469180488920534,2.418615868019719,3.421477987291782,26.57574657436533,49.89884841271553,10.808735844709688,2.648021012598312,11.349518948238085,0.489577796493003,0.12791543265615068,0.15515351986964654,10.941570082797393,0.020059287865739177,0.029944914138465388,1.3190208644417702,0.48001968188997146
